-37.5099037,39.4240014,10.0511035
-37.5180213,39.2242394,10.0837197
-37.5258041,39.0244364,10.1160857
-37.5332468,38.8246036,10.1481799
-37.5403433,38.6247973,10.1797453
-37.5470913,38.4249552,10.2110282
-37.5534848,38.2250922,10.2419745
-37.5595159,38.0252461,10.2723226
-37.5651779,37.8253692,10.3023269
-37.5704604,37.6254790,10.3318783
-37.5753514,37.4255975,10.3607008
-37.5798383,37.2256900,10.3890769
-37.5839047,37.0257755,10.4168012
-37.5875326,36.8258636,10.4436003
-37.5907020,36.6259306,10.4698071
-37.5933900,36.4259959,10.4950616
-37.5955718,36.2260599,10.5191741
-37.5972209,36.0261091,10.5425346
-37.5983090,35.8261612,10.5645953
-37.5988073,35.6262116,10.5854123
-37.5986867,35.4262552,10.6053904
-37.5979188,35.2263064,10.6238923
-37.5964768,35.0263598,10.6413634
-37.5943369,34.8264165,10.6581153
-37.5914786,34.6264862,10.6737509
-37.5878871,34.4265659,10.6889791
-37.5835513,34.2266603,10.7039146
-37.5784677,34.0267728,10.7188673
-37.5726511,33.8269048,10.6918828
-37.5661174,33.6270610,10.6265466
-37.5588749,33.4272381,10.5328468
-37.5509161,33.2274442,10.4388161
-37.5422320,33.0276835,10.3446360
-37.5328175,32.8279498,10.2497414
-37.5226784,32.6282555,10.1542999
-37.5118283,32.4286009,10.0581301
-37.5002886,32.2289781,9.9606348
-37.4880897,32.0294003,9.8623990
-37.4752666,31.8298619,9.7631256
-37.4618585,31.6303565,9.6626252
-37.4479082,31.4308945,9.5614766
-37.4334576,31.2314662,9.4594093
-37.4185478,31.0320689,9.3565341
-37.4032176,30.8327086,9.2532130
-37.3875007,30.6333752,9.1492576
-37.3714271,30.4340702,9.0448487
-37.3550211,30.2347948,8.9401641
-37.3383016,30.0355431,8.8350762
-37.3212824,29.8363185,8.7297385
-37.3039714,29.6371173,8.6242311
-37.2863720,29.4379432,8.5184648
-37.2684820,29.2387959,8.4125649
-37.2502934,29.0396692,8.3065654
-37.2317950,28.8405802,8.2004307
-37.2129673,28.6415192,8.0942688
-37.1937848,28.4424810,7.9880852
-37.1742193,28.2434990,7.8819774
-37.1542291,28.0445499,7.7759889
-37.1337672,27.8456375,7.6701255
-37.1127825,27.6468023,7.5646747
-37.0912084,27.4480163,7.4594978
-37.0689763,27.2492958,7.3546615
-37.0460138,27.0506780,7.2504788
-37.0222364,26.8521411,7.1466703
-36.9975607,26.6537127,7.0433778
-36.9719004,26.4554226,6.9408126
-36.9451606,26.2572615,6.8386618
-36.9172496,26.0592657,6.7371329
-36.8880716,25.8614597,6.6363010
-36.8575253,25.6638492,6.5358912
-36.8255123,25.4664779,6.4361706
-36.7919286,25.2693697,6.3370928
-36.7566660,25.0725467,6.2384426
-36.7196184,24.8760601,6.1405599
-36.6806718,24.6799399,6.0432868
-36.6397093,24.4842248,5.9464635
-36.5966144,24.2889769,5.8505383
-36.5512613,24.0942389,5.7552161
-36.5035209,23.9000654,5.6603896
-36.4532665,23.7065406,5.5666538
-36.4003576,23.5137199,5.4735117
-36.3446521,23.3216770,5.3809676
-36.2860173,23.1305341,5.2896062
-36.2242957,22.9403512,5.1988066
-36.1593382,22.7512344,5.1087014
-36.0910151,22.5633557,5.0195713
-36.0191517,22.3767602,4.9308673
-35.9436088,22.1916160,4.8427271
-35.8642662,22.0081438,4.7549388
-35.7810045,21.8263764,4.6672186
-35.6937720,21.6464822,4.5794596
-35.6024565,21.4686394,4.4913252
-35.5067106,21.2929214,4.4029202
-35.4063733,21.1198988,4.3138897
-35.3010706,20.9496476,4.2255510
-35.1909216,20.7830638,4.1378695
-35.0750460,20.6195977,4.0533165
-34.9536804,20.4603925,3.9717232
-34.8271132,20.3064662,3.8929485
-34.6936738,20.1565187,3.8209107
-34.5545334,20.0125033,3.7530045
-34.4101350,19.8751410,3.6889664
-34.2594288,19.7436165,3.6292726
-34.1028877,19.6184209,3.5692650
-33.9418519,19.5004075,3.5057427
-33.7763832,19.3893338,3.4363794
-33.6061500,19.2849067,3.3591938
-33.4318160,19.1878546,3.2714154
-33.2536112,19.0994123,3.2696349
-33.0708029,19.0202126,3.2978494
-32.8819076,18.9510016,3.3269528
-32.6918091,18.8942890,3.3570516
-32.4975765,18.8485789,3.3874631
-32.2982462,18.8128439,3.4180679
-32.1015257,18.7872678,3.4490058
-31.9012642,18.7700688,3.4801202
-31.7014832,18.7609649,3.5115627
-31.5010965,18.7591420,3.5415439
-31.3010505,18.7640783,3.5705621
-31.1008914,18.7753671,3.6001541
-30.9020085,18.7923186,3.6176242
-30.7021877,18.8135334,3.4763002
-30.5032722,18.8340181,3.3410972
-30.3039263,18.8495002,3.2175782
-30.1033205,18.8573956,3.1019223
-29.9049513,18.8556340,2.9917372
-29.7043557,18.8423624,2.8986345
-29.5059434,18.8158979,2.8190094
-29.3113751,18.7750785,2.7521482
-29.1195277,18.7185132,2.7026234
-28.9326106,18.6462887,2.6452035
-28.7530035,18.5597218,2.5834007
-28.5809093,18.4595936,2.5170824
-28.4168002,18.3456682,2.4486720
-28.2634917,18.2179946,2.4637865
-28.1224955,18.0772533,2.4878277
-27.9948089,17.9235918,2.5060334
-27.8821243,17.7576939,2.5237070
-27.7863853,17.5823840,2.5772718
-27.7065131,17.3997869,2.6847247
-27.6393093,17.2110570,2.8067865
-27.5827198,17.0188801,2.9274122
-27.5359343,16.8251835,3.0419395
-27.4976190,16.6284468,3.1528980
-27.4673828,16.4307425,3.2582790
-27.4444506,16.2323710,3.3617361
-27.4279833,16.0324447,3.4644155
-27.4174301,15.8331613,3.5667579
-27.4120277,15.6330808,3.6692929
-27.4112143,15.4329674,3.7720573
-27.4144345,15.2330420,3.8752741
-27.4211986,15.0330326,3.9786683
-27.4310515,14.8332446,4.0825179
-27.4435991,14.6335212,4.1865565
-27.4584431,14.4341852,4.2908459
-27.4752776,14.2346190,4.3954169
-27.4937016,14.0359159,4.5000662
-27.5135671,13.8366370,4.6046190
-27.5345114,13.6378422,4.7087977
-27.5563028,13.4393246,4.8125621
-27.5787886,13.2403637,4.9151278
-27.6016547,13.0419264,5.0169987
-27.6248075,12.8432978,5.1174922
-27.6480966,12.6446073,5.2159932
-27.6713465,12.4462593,5.3131150
-27.6945049,12.2475037,5.4068727
-27.7173329,12.0488482,5.4979644
-27.7396213,11.8503743,5.5868791
-27.7612260,11.6514129,5.6702106
-27.7818478,11.4525550,5.7499477
-27.8012563,11.2537120,5.8261424
-27.8192470,11.0544417,5.8939389
-27.8355348,10.8551947,5.9570151
-27.8498978,10.6558476,6.0148900
-27.8621262,10.4562203,6.0626950
-27.8720052,10.2565559,6.1052927
-27.8793526,10.0567590,6.1421243
-27.8839881,9.8568844,6.1696884
-27.8857535,9.6569436,6.1930444
-27.8845564,9.4569786,6.2117746
-27.8803686,9.2570808,6.2243126
-27.8731419,9.0572557,6.2342963
-27.8628314,8.8575670,6.2414683
-27.8494036,8.6580658,6.2441324
-27.8328312,8.4587993,6.2447678
-27.8130936,8.2598306,6.2431030
-27.7901705,8.0611863,6.2384963
-27.7640512,7.8629479,6.2325671
-27.7347249,7.6651722,6.2251266
-27.7021749,7.4678683,6.2158542
-27.6664020,7.2711459,6.2057627
-27.6273997,7.0750544,6.1947368
-27.5851502,6.8795911,6.1826523
-27.5396656,6.6848876,6.1701125
-27.4909411,6.4909879,6.1570636
-27.4389567,6.2978805,6.1435072
-27.3837358,6.1057137,6.1297656
-27.3252755,5.9145283,6.1158325
-27.2635530,5.7243061,6.1018042
-27.1986037,5.5352067,6.0878018
-27.1304279,5.3472709,6.0738506
-27.0590002,5.1604747,6.0601414
-26.9843681,4.9749834,6.0466389
-26.9065367,4.7908403,6.0333828
-26.8254791,4.6080177,6.0206931
-26.7412544,4.4266796,6.0083961
-26.6538740,4.2468728,5.9965266
-26.5633132,4.0685709,5.9856238
-26.4696395,3.8919276,5.9753589
-26.3728713,3.7169890,5.9657431
-26.2729958,3.5437443,5.9576596
-26.1700819,3.3723205,5.9505682
-26.0641527,3.2027558,5.9444726
-25.9552261,3.0350755,5.9404854
-25.8433595,2.8693594,5.9379536
-25.7285821,2.7056350,5.9367725
-25.6109504,2.5439621,5.9381050
-25.4905115,2.3843783,5.9410828
-25.3672902,2.2268893,5.9453902
-25.2413820,2.0715893,5.9516022
-25.1128171,1.9184974,5.9588320
-24.9815600,1.7676197,5.9668529
-24.8477231,1.6191119,5.9761046
-24.7113771,1.4729373,5.9869850
-24.5725088,1.3289864,5.9993548
-24.4313497,1.1874189,6.0148403
-24.2879329,1.0481731,6.0343776
-24.1422389,0.9111088,6.0572516
-23.9945722,0.7763480,6.0867305
-23.8449959,0.6437250,6.1230718
-23.6935663,0.5130102,6.1644527
-23.5406873,0.3842093,6.2150326
-23.3864598,0.2569942,6.2722114
-23.2310445,0.1310396,6.3339954
-23.0749070,0.0062282,6.4028779
-22.9181400,-0.1178797,6.4744729
-22.7609599,-0.2416136,6.5479351
-22.6037940,-0.3651190,6.6198285
-22.4466806,-0.4888155,6.6880756
-22.2898468,-0.6129397,6.7527624
-22.1335922,-0.7376302,6.8092896
-21.9779465,-0.8631834,6.8620076
-21.8231023,-0.9897194,6.9098356
-21.6691942,-1.1173583,6.9511541
-21.5162906,-1.2462313,6.9895917
-21.3645059,-1.3763947,7.0239976
-21.2138742,-1.5079340,7.0555091
-21.0644980,-1.6408427,7.0824536
-20.9163663,-1.7751679,7.0965103
-20.7694692,-1.9108903,7.0443268
-20.6239187,-2.0479071,6.9603786
-20.4795893,-2.1863713,6.8747948
-20.3366137,-2.3262098,6.7869226
-20.1951007,-2.4673145,6.6971477
-20.0547703,-2.6099078,6.6021372
-19.9157955,-2.7536942,6.5036396
-19.7781469,-2.8985153,6.4020284
-19.6413939,-3.0445861,6.2942522
-19.5057130,-3.1914382,6.1838370
-19.3709366,-3.3389570,6.0708191
-19.2366925,-3.4872691,5.9537604
-19.1031172,-3.6359846,5.8351644
-18.9700128,-3.7851433,5.7150161
-18.8373491,-3.9346759,5.5925679
-18.7051491,-4.0845650,5.4693545
-18.5733225,-4.2350965,5.3453787
-18.4424334,-4.3859401,5.2210303
-18.3122243,-4.5376708,5.0973732
-18.1829184,-4.6904744,4.9744545
-18.0552796,-4.8441016,4.8557545
-17.9292701,-4.9994459,4.7405129
-17.8055432,-5.1566654,4.6296870
-17.6847652,-5.3159258,4.5273953
-17.5672577,-5.4778117,4.4295216
-17.4536862,-5.6423951,4.3382569
-17.3445036,-5.8099596,4.2553077
-17.2402444,-5.9805848,4.1774903
-17.1413635,-6.1543951,4.1092688
-17.0482975,-6.3314465,4.0479754
-16.9615647,-6.5114912,3.9908312
-16.8813973,-6.6947629,3.9389973
-16.8082597,-6.8809003,3.8852288
-16.7425168,-7.0695378,3.8295310
-16.6843065,-7.2609912,3.7639137
-16.6342306,-7.4545709,3.7388460
-16.5926430,-7.6499247,3.7497614
-16.5596271,-7.8473127,3.7650455
-16.5353045,-8.0458078,3.7827013
-16.5197118,-8.2449015,3.8026798
-16.5128368,-8.4449485,3.8264294
-16.5143487,-8.6447606,3.8428957
-16.5244018,-8.8443211,3.8592862
-16.5428787,-9.0434483,3.9643515
-16.5668149,-9.2423051,4.0325776
-16.5912093,-9.4405881,4.0551426
-16.6111773,-9.6397434,3.9416698
-16.6245981,-9.8393281,3.8453533
-16.6301364,-10.0389080,3.7613282
-16.6267868,-10.2386864,3.6895224
-16.6138532,-10.4382726,3.6495194
-16.5909317,-10.6367684,3.6254814
-16.5578330,-10.8338654,3.6136590
-16.5145878,-11.0290420,3.6034197
-16.4613563,-11.2216766,3.5997904
-16.3983363,-11.4114156,3.6050134
-16.3258929,-11.5978479,3.6226281
-16.2447019,-11.7804075,3.6609735
-16.1553999,-11.9592674,3.7092409
-16.0586784,-12.1343951,3.7659481
-15.9553285,-12.3055274,3.8301697
-15.8459863,-12.4728529,3.8975157
-15.7311924,-12.6365499,3.9666530
-15.6114060,-12.7967484,4.0372211
-15.4872636,-12.9532349,4.1111947
-15.3588908,-13.1065003,4.1876776
-15.2266178,-13.2567731,4.2666870
-15.0913580,-13.4036683,4.3499683
-14.9530067,-13.5479346,4.4353840
-14.8118153,-13.6898754,4.5226795
-14.6686516,-13.8291735,4.6125121
-14.5234004,-13.9664598,4.7034912
-14.3761336,-14.1021168,4.7952831
-14.2277000,-14.2357860,4.8878460
-14.0778504,-14.3680731,4.9803351
-13.9265715,-14.4993066,5.0727050
-13.7747460,-14.6290038,5.1640429
-13.6218379,-14.7578536,5.2543716
-13.4679422,-14.8859488,5.3437443
-13.3137745,-15.0128372,5.4307570
-13.1586628,-15.1391801,5.5166589
-13.0029709,-15.2647643,5.6008863
-12.8468730,-15.3895213,5.6830564
-12.6900044,-15.5138008,5.7641969
-12.5328425,-15.6372756,5.8432433
-12.3751227,-15.7602006,5.9209500
-12.2168470,-15.8826145,5.9976086
-12.0583221,-16.0043192,6.0721793
-11.8992453,-16.1255839,6.1459745
-11.7398246,-16.2462834,6.2183547
-11.5800054,-16.3664917,6.2894452
-11.4198321,-16.4862059,6.3598471
-11.2592852,-16.6054691,6.4285831
-11.0984130,-16.7242718,6.4966493
-10.9372668,-16.8426007,6.5637702
-10.7756880,-16.9605936,6.6297121
-10.6139833,-17.0780452,6.6951031
-10.4518155,-17.1952153,6.7593137
-10.2893930,-17.3119632,6.8227856
-10.1269396,-17.4281341,6.8856482
-9.9637476,-17.5442321,6.9472586
-9.8005814,-17.6597041,7.0083142
-9.6371467,-17.7747421,7.0684952
-9.4730937,-17.8895656,7.1275447
-9.3091842,-18.0036482,7.1859005
-9.1447110,-18.1174595,7.2429765
-8.9798138,-18.2307829,7.2986010
-8.8148271,-18.3432546,7.3531045
-8.6490507,-18.4552197,7.4054192
-8.4827370,-18.5663881,7.4554231
-8.3160881,-18.6765048,7.5035192
-8.1485977,-18.7857760,7.5483134
-7.9803594,-18.8940062,7.5895436
-7.8115606,-19.0009468,7.6280133
-7.6419081,-19.1066603,7.6626843
-7.4712850,-19.2111012,7.6929786
-7.2999312,-19.3140265,7.7205874
-7.1277353,-19.4154231,7.7454541
-6.9544522,-19.5153732,7.7671647
-6.7803818,-19.6137124,7.7316039
-6.6054737,-19.7104695,7.6487278
-6.4296224,-19.8056560,7.5654700
-6.2529009,-19.8991467,7.4825406
-6.0752733,-19.9908991,7.3995233
-5.8967078,-20.0808915,7.3159809
-5.7173150,-20.1690494,7.2307511
-5.5370119,-20.2554146,7.1439122
-5.3557434,-20.3400315,7.0553149
-5.1738592,-20.4227797,6.9629953
-4.9911531,-20.5038198,6.8680325
-4.8075452,-20.5832674,6.7706452
-4.6234165,-20.6610558,6.6697471
-4.4387519,-20.7373007,6.5662754
-4.2532489,-20.8122241,6.4611327
-4.0672798,-20.8857583,6.3540655
-3.8810794,-20.9578771,6.2456932
-3.6940026,-21.0288630,6.1367106
-3.5065219,-21.0985415,6.0271108
-3.3189459,-21.1667855,5.9173059
-3.1303107,-21.2339018,5.8074918
-2.9415396,-21.2995000,5.6978343
-2.7524392,-21.3635775,5.5885779
-2.5619772,-21.4263842,5.4795916
-2.3721253,-21.4871735,5.3714824
-2.1811087,-21.5464080,5.2639750
-1.9892543,-21.6038511,5.1571925
-1.7976826,-21.6590494,5.0517370
-1.6041883,-21.7125020,4.9468086
-1.4115548,-21.7633202,4.8436528
-1.2171944,-21.8120627,4.7411108
-1.0226617,-21.8581842,4.6397101
-0.8273308,-21.9016699,4.5389474
-0.6313434,-21.9422982,4.4386602
-0.4348642,-21.9798336,4.3387656
-0.2377933,-22.0140656,4.2389862
-0.0399496,-22.0447552,4.1391631
0.1581107,-22.0715170,4.0392462
0.3571440,-22.0941022,3.9388435
0.5563142,-22.1120126,3.8380219
0.7559068,-22.1248255,3.7364899
0.9561532,-22.1320083,3.6338796
1.1553260,-22.1329273,3.5305838
1.3563177,-22.1268475,3.4249762
1.5551513,-22.1130677,3.3182340
1.7542456,-22.0905132,3.2085469
1.9521630,-22.0581750,3.0954608
2.1460651,-22.0154291,2.9800865
2.3393541,-21.9600550,2.8625511
2.5278856,-21.8914809,2.7494309
2.7093703,-21.8092845,2.6425072
2.8828759,-21.7132668,2.5454605
3.0504247,-21.6024414,2.4658724
3.2087571,-21.4806694,2.3955475
3.3592809,-21.3507027,2.3199394
3.5025261,-21.2128175,2.2558323
3.6355427,-21.0643207,2.2334781
3.7538222,-20.9028312,2.2331153
3.8526896,-20.7281567,2.2276350
3.9275324,-20.5426547,2.2216833
3.9754553,-20.3490682,2.2203554
3.9949316,-20.1501852,2.2241122
3.9854242,-19.9503029,2.2327103
3.9480342,-19.7540649,2.2464468
3.8852353,-19.5648040,2.2777332
3.7998465,-19.3839174,2.3219797
3.6951630,-19.2131429,2.3802944
3.5748621,-19.0540617,2.4530563
3.4407167,-18.9055202,2.5350486
3.2955509,-18.7676629,2.6270843
3.1417721,-18.6397868,2.7397042
2.9809795,-18.5205337,2.8615259
2.8153211,-18.4089922,2.9936306
2.6454595,-18.3030296,3.1411219
2.4737579,-18.2009238,3.2953146
2.3011763,-18.1002114,3.4562913
2.1287514,-17.9989890,3.6130004
1.9576946,-17.8956492,3.7156469
1.7887184,-17.7886005,3.7603831
1.6230748,-17.6768837,3.6482106
1.4614618,-17.5592642,3.5494507
1.3047335,-17.4348386,3.4624732
1.1542453,-17.3034253,3.3926468
1.0105061,-17.1644258,3.3286243
0.8744659,-17.0177130,3.2701645
0.7472513,-16.8634880,3.2286697
0.6295556,-16.7016326,3.2051316
0.5224375,-16.5329713,3.1956206
0.4260276,-16.3573467,3.1882750
0.3409731,-16.1759384,3.1784996
0.2677783,-15.9905110,3.1693642
0.2055685,-15.7999132,3.1810262
0.1541930,-15.6061471,3.2347295
0.1125020,-15.4113041,3.3142468
0.0784667,-15.2150784,3.4081724
0.0504829,-15.0172407,3.5045819
0.0277800,-14.8193522,3.5996557
0.0101361,-14.6204565,3.6947777
-0.0022895,-14.4201369,3.7907125
-0.0094340,-14.2209271,3.8887860
-0.0116418,-14.0214484,3.9884904
-0.0092559,-13.8207463,4.0892626
-0.0027442,-13.6210402,4.1912298
0.0073923,-13.4216702,4.2935552
0.0207530,-13.2212978,4.3959630
0.0366898,-13.0224742,4.4979168
0.0548953,-12.8231811,4.5991338
0.0749252,-12.6238244,4.6996533
0.0962991,-12.4252438,4.7983685
0.1187892,-12.2262108,4.8963273
0.1419651,-12.0276352,4.9923066
0.1656013,-11.8288820,5.0869527
0.1893805,-11.6303863,5.1803195
0.2131476,-11.4314774,5.2715271
0.2365934,-11.2331210,5.3619024
0.2596560,-11.0341596,5.4502089
0.2819961,-10.8354773,5.5374460
0.3035494,-10.6370819,5.6236426
0.3245343,-10.4378948,5.7077056
0.3448358,-10.2392013,5.7907357
0.3645085,-10.0402186,5.8718666
0.3834841,-9.8410505,5.9509125
0.4016505,-9.6422031,6.0286226
0.4190110,-9.4428571,6.1035060
0.4354397,-9.2435649,6.1763055
0.4508522,-9.0444536,6.2474603
0.4652242,-8.8448405,6.3151322
0.4784370,-8.6453443,6.3808927
0.4904287,-8.4459424,6.4449008
0.5011693,-8.2461277,6.5055855
0.5105813,-8.0464216,6.5648579
0.5186340,-7.8467638,6.6227179
0.5253147,-7.6468194,6.6783323
0.5305953,-7.4469569,6.7330425
0.5344722,-7.2471279,6.7868447
0.5369482,-7.0471298,6.8392412
0.5380255,-6.8471947,6.8910913
0.5377168,-6.6472903,6.9424109
0.5360384,-6.4473186,6.9930630
0.5330131,-6.2473998,7.0435013
0.5286676,-6.0475145,7.0937472
0.5230309,-5.8476381,7.1437797
0.5161353,-5.6478142,7.1937211
0.5080126,-5.4480278,7.2435819
0.4986959,-5.2483012,7.2933087
0.4882172,-5.0486340,7.3429325
0.4766062,-4.8490079,7.3924651
0.4638960,-4.6494730,7.4418213
0.4501143,-4.4500082,7.4910258
0.4352869,-4.2505885,7.5401038
0.4194456,-4.0512777,7.5889541
0.4026142,-3.8520489,7.6376067
0.3848145,-3.6528692,7.6861036
0.3660771,-3.4538080,7.7343366
0.3464231,-3.2548392,7.7823367
0.3258711,-3.0559235,7.8301612
0.3044505,-2.8571311,7.8776977
0.2821812,-2.6584393,7.9249757
0.2590801,-2.4598029,7.9720644
0.2351831,-2.2612913,8.0188467
0.2105243,-2.0628772,8.0653540
0.1851147,-1.8645248,8.1116653
0.1589683,-1.6662959,8.1576636
0.1320976,-1.4681705,8.2033845
0.1045153,-1.2701108,8.2489090
0.0762478,-1.0721736,8.2941173
0.0473105,-0.8743383,8.3390512
0.0177157,-0.6765696,8.3837904
-0.0125112,-0.4789230,8.4282116
-0.0433571,-0.2813749,8.4723656
-0.0748107,-0.0838934,8.5163278
-0.1068475,0.1134666,8.5599702
-0.1394565,0.3107329,8.6033559
-0.1726274,0.5079332,8.6465537
-0.2063363,0.7050129,8.6894297
-0.2405743,0.9020048,8.7320625
-0.2753316,1.0989317,8.7745120
-0.3105847,1.2957394,8.8166378
-0.3463270,1.4924657,8.8585360
-0.3825487,1.6891286,8.9002561
-0.4192270,1.8856739,8.9416507
-0.4563571,2.0821449,8.9828353
-0.4939291,2.2785542,9.0238475
-0.5319206,2.4748482,9.0645326
-0.5703288,2.6710752,9.1050267
-0.6091434,2.8672425,9.1453546
-0.6483424,3.0632976,9.1853544
-0.6879247,3.2592928,9.2251833
-0.7278794,3.4552300,9.2648504
-0.7681853,3.6510602,9.3041941
-0.8088421,3.8468368,9.3433855
-0.8498377,4.0425542,9.3824090
-0.8911539,4.2381772,9.4211380
-0.9327887,4.4337494,9.4597227
-0.9747296,4.6292623,9.4981350
-1.0169608,4.8246930,9.5362833
-1.0594787,5.0200759,9.5742965
-1.1022702,5.2154009,9.6121348
-1.1453215,5.4106554,9.6497407
-1.1886273,5.6058659,9.6872211
-1.2321738,5.8010210,9.7245266
-1.2759488,5.9961170,9.7616296
-1.3199452,6.1911732,9.7986157
-1.3641487,6.3861784,9.8354263
-1.4085483,6.5811354,9.8720569
-1.4531353,6.7760571,9.9085742
-1.4978957,6.9709339,9.9449063
-1.5428197,7.1657724,9.9810653
-1.5878979,7.3605804,10.0171046
-1.6331181,7.5553505,10.0529256
-1.6784724,7.7500906,10.0885596
-1.7239530,7.9448039,10.1240526
-1.7695515,8.1394861,10.1592587
-1.8152636,8.3341432,10.1942476
-1.8610856,8.5287748,10.2290598
-1.9070152,8.7233803,10.2634846
-1.9530529,8.9179611,10.2976648
-1.9991998,9.1125137,10.3316288
-2.0454608,9.3070429,10.3650964
-2.0918401,9.5015423,10.3983037
-2.1383440,9.6960084,10.4312285
-2.1849832,9.8904491,10.4635962
-2.2317648,10.0848514,10.4956710
-2.2786996,10.2792134,10.5273871
-2.3258019,10.4735437,10.5585168
-2.3730802,10.6678247,10.5893332
-2.4205478,10.8620576,10.6197319
-2.4682194,11.0562497,10.6495856
-2.5161017,11.2503812,10.6791533
-2.5642069,11.4444583,10.7083233
-2.6125447,11.6384858,10.7371202
-2.6611153,11.8324445,10.7657372
-2.7099246,12.0263475,10.7941288
-2.7589722,12.2201966,10.8224379
-2.8082434,12.4139766,10.8221068
-2.8577297,12.6077102,10.7192802
-2.9074220,12.8013947,10.6148700
-2.9573123,12.9950138,10.5097241
-3.0074031,13.1885948,10.4043897
-3.0576798,13.3821278,10.2988226
-3.1081225,13.5756012,10.1930769
-3.1587203,13.7690538,10.0869686
-3.2094449,13.9624691,9.9806160
-3.2602690,14.1558396,9.8740742
-3.3111804,14.3492140,9.7672102
-3.3621482,14.5425642,9.6601846
-3.4131506,14.7358844,9.5530243
-3.4641853,14.9292307,9.4456493
-3.5152267,15.1225588,9.3381819
-3.5662666,15.3158670,9.2306300
-3.6173168,15.5092087,9.1229148
-3.6683635,15.7025323,9.0151040
-3.7194083,15.8958453,8.9071948
-3.7704595,16.0891816,8.7990657
-3.8215071,16.2825044,8.6908122
-3.8725534,16.4758227,8.5824199
-3.9236030,16.6691541,8.4737485
-3.9746500,16.8624771,8.3649173
-4.0256965,17.0557998,8.2558972
-4.0767437,17.2491271,8.1465315
-4.1277893,17.4424511,8.0369645
-4.1788347,17.6357774,7.9271465
-4.2298786,17.8291015,7.8169076
-4.2809218,18.0224274,7.7064184
-4.3319646,18.2157566,7.5956010
-4.3830040,18.4090783,7.4842766
-4.4340436,18.6024069,7.3726440
-4.4850822,18.7957383,7.2605859
-4.5361159,18.9890586,7.1479223
-4.5871506,19.1823908,7.0348811
-4.6381833,19.3757238,6.9212904
-4.6892101,19.5690435,6.8069807
-4.7402388,19.7623803,6.6922096
-4.7912640,19.9557139,6.5767283
-4.8422829,20.1490341,6.4603967
-4.8933046,20.3423766,6.3435012
-4.9443209,20.5357095,6.2256834
-4.9953310,20.7290313,6.1068627
-5.0463452,20.9223805,5.9873505
-5.0973513,21.1157113,5.8666297
-5.1483524,21.3090358,5.7447274
-5.1993588,21.5023930,5.6219723
-5.2503538,21.6957197,5.4976122
-5.3013460,21.8890481,5.3718600
-5.3523449,22.0824145,5.2450546
-5.4033205,22.2757364,5.1161413
-5.4542575,22.4690852,4.9858469
-5.5050836,22.6625038,4.8544632
-5.5556382,22.8559218,4.7211239
-5.6057405,23.0495036,4.5871180
-5.6550645,23.2433112,4.4525160
-5.7031737,23.4373382,4.3183390
-5.7496643,23.6317018,4.1860225
-5.7939754,23.8267925,4.0558816
-5.8350852,24.0223217,3.9343786
-5.8717942,24.2190884,3.8190717
-5.9026405,24.4166548,3.7129261
-5.9264599,24.6154759,3.6247391
-5.9420510,24.8147905,3.5470018
-5.9485011,25.0146180,3.4862265
-5.9451393,25.2149445,3.4310545
-5.9317366,25.4140888,3.3734183
-5.9081302,25.6125332,3.3033855
-5.8740270,25.8097028,3.2197267
-5.8287873,26.0041364,3.1269283
-5.7721272,26.1956968,3.0237538
-5.7047728,26.3839539,2.9043619
-5.6260000,26.5676515,2.8740674
-5.5354176,26.7458424,2.9342261
-5.4332490,26.9176221,2.9898920
-5.3193520,27.0816311,3.1087656
-5.1972219,27.2401493,3.2294275
-5.0737238,27.3974357,3.2507975
-4.9557175,27.5586243,3.1610106
-4.8467390,27.7262948,3.0594571
-4.7487192,27.9006977,2.9868217
-4.6628921,28.0811462,2.9722696
-4.5898545,28.2672492,2.9620589
-4.5301777,28.4581731,2.9492269
-4.4843617,28.6526406,2.9526653
-4.4524487,28.8499669,2.9810635
-4.4338954,29.0491678,3.0349364
-4.4274460,29.2488182,3.1228685
-4.4314681,29.4486956,3.2180826
-4.4445383,29.6483833,3.3200731
-4.4653930,29.8470686,3.4276862
-4.4929290,30.0451163,3.5390026
-4.5260522,30.2424690,3.6537698
-4.5636206,30.4387207,3.7746914
-4.6047429,30.6344335,3.8974634
-4.6485254,30.8296242,4.0221784
-4.6941562,31.0242489,4.1477044
-4.7410448,31.2186766,4.2724331
-4.7886336,31.4128932,4.3960776
-4.8365357,31.6070780,4.5162360
-4.8844306,31.8011956,4.6339948
-4.9321556,31.9953416,4.7483561
-4.9796683,32.1895610,4.8582584
-5.0269706,32.3838290,4.9659153
-5.0740771,32.5781533,5.0705290
-5.1209768,32.7725332,5.1720731
-5.1676670,32.9669517,5.2719013
-5.2141609,33.1614229,5.3692278
-5.2604717,33.3559408,5.4642496
-5.3066132,33.5504920,5.5578583
-5.3526055,33.7450833,5.6492589
-5.3984654,33.9397067,5.7388363
-5.4442088,34.1343524,5.8271983
-5.4898547,34.3290259,5.9135406
-5.5354174,34.5237185,5.9984031
-5.5809109,34.7184229,6.0821951
-5.6263508,34.9131451,6.1641069
-5.6717484,35.1078758,6.2448011
-5.7171143,35.3026101,6.3245374
-5.7624607,35.4973546,6.4025001
-5.8077943,35.6920998,6.4794468
-5.8531215,35.8868431,6.5555213
-5.8984491,36.0815923,6.6298902
-5.9437774,36.2763385,6.7034003
-5.9891073,36.4710814,6.7760790
-6.0344410,36.6658293,6.8471742
-6.0797765,36.8605735,6.9175380
-6.1251141,37.0553153,6.9870798
-6.1704553,37.2500611,7.0552502
-6.2157981,37.4448034,7.1227513
-6.2611430,37.6395440,7.1894412
-6.3064909,37.8342879,7.2549381
-6.3518403,38.0290285,7.3198193
-6.3971915,38.2237682,7.3839008
-6.4425454,38.4185103,7.4469405
-6.4879004,38.6132494,7.5094112
-6.5332572,38.8079883,7.5710938
-6.5786160,39.0027290,7.6318642
-6.6239758,39.1974667,7.6921065
-6.6693372,39.3922050,7.7515725
-6.7147002,39.5869445,7.8102382
-6.7600639,39.7816811,7.8684118
-6.8054290,39.9764190,7.9258208
-6.8507953,40.1711575,7.9825268
-6.8961620,40.3658932,8.0387727
-6.9415300,40.5606308,8.0942657
-6.9868987,40.7553685,8.1491406
-7.0322676,40.9501035,8.2035841
-7.0776375,41.1448411,8.2572861
-7.1230079,41.3395782,8.3104448
-7.1683781,41.5343127,8.3631978
-7.2137492,41.7290504,8.4152206
-7.2591204,41.9237871,8.4667661
-7.3044910,42.1185213,8.5179291
-7.3498625,42.3132593,8.5683730
-7.3952336,42.5079959,8.6183981
-7.4406040,42.7027298,8.6680619
-7.4859751,42.8974684,8.7170173
-7.5313453,43.0922049,8.7656062
-7.5767146,43.2869390,8.8138486
-7.6220844,43.4816782,8.8614018
-7.6674531,43.6764149,8.9086310
-7.7128206,43.8711498,8.9555051
-7.7581883,44.0658893,9.0017523
-7.8035545,44.2606263,9.0476915
-7.8489195,44.4553622,9.0932685
-7.8942844,44.6501021,9.1382750
-7.9396475,44.8448396,9.1829880
-7.9850092,45.0395767,9.2273330
-8.0303704,45.2343172,9.2711586
-8.0757296,45.4290555,9.3147041
-8.1210874,45.6237939,9.3578770
-8.1664442,45.8185352,9.4005767
-8.2117989,46.0132743,9.4430088
-8.2571519,46.2080142,9.4850644
-8.3025037,46.4027564,9.5266892
-8.3478530,46.5974966,9.5680578
-8.3932007,46.7922381,9.6090470
-8.4385466,46.9869815,9.6496438
-8.4838900,47.1817229,9.6899953
-8.5292315,47.3764662,9.7299650
-8.5745711,47.5712108,9.7695775
-8.6199078,47.7659537,9.8089548
-8.6652425,47.9606988,9.8479485
-8.7105749,48.1554448,9.8866175
-8.7559042,48.3501894,9.9250605
-8.8012315,48.5449365,9.9631188
-8.8465561,48.7396841,10.0008821
-8.8918773,48.9344305,10.0384282
-8.9371953,49.1291797,10.0755890
-8.9825076,49.3239290,10.1124823
-9.0278145,49.5186797,10.1491664
-9.0731181,49.7134317,10.1854645
-9.1184188,49.9081843,10.2215202
-9.1637170,50.1029375,10.2573746
-9.2090127,50.2976913,10.2928428
-9.2543061,50.4924455,10.3280923
-9.2995973,50.6872005,10.3631477
-9.3448863,50.8819557,10.3978170
-9.3901733,51.0767115,10.4322894
-9.4354584,51.2714680,10.4665702
-9.4807415,51.4662245,10.5004738
-9.5260230,51.6609816,10.5341967
-9.5713029,51.8557393,10.5677212
-9.6165812,52.0504969,10.6008952
-9.6618580,52.2452551,10.6338945
-9.7071336,52.4400138,10.6666894
-9.7524078,52.6347724,10.6991585
-9.7976809,52.8295315,10.7314588
-9.8429530,53.0242910,10.7635489
-9.8882240,53.2190503,10.7953368
-9.9334942,53.4138102,10.8269613
-9.9787637,53.6085702,10.8583704
-10.0240324,53.8033301,10.8894993
-10.0693005,53.9980904,10.9204699
-10.1145682,54.1928508,10.9512204
-10.1598355,54.3876112,10.9817114
-10.2051025,54.5823717,11.0120491
-10.2503692,54.7771323,11.0421621
-10.2956359,54.9718928,11.0720353
-10.3409025,55.1666534,11.1017598
-10.3861692,55.3614140,11.1312557
-10.4314361,55.5561745,11.1605301
-10.4767032,55.7509350,11.1896602
-10.5219707,55.9456954,11.2185581
-10.5672387,56.1404557,11.2472518
-10.6125072,56.3352158,11.2758055
-10.6577763,56.5299758,11.3041235
-10.7030462,56.7247357,11.3322538
-10.7483169,56.9194952,11.3602481
-10.7935885,57.1142547,11.3880036
-10.8388612,57.3090139,11.4155868
-10.8841350,57.5037727,11.4430379
-10.9294100,57.6985314,11.4702473
-10.9746864,57.8932898,11.4972991
-11.0199641,58.0880475,11.5242225
-11.0652435,58.2828053,11.5509014
-11.1105245,58.4775626,11.5774349
-11.1558074,58.6723191,11.6038415
-11.2010933,58.8670754,11.6299869
-11.2463831,59.0618306,11.6559872
-11.2916788,59.2565842,11.6818521
-11.3369827,59.4513362,11.7074285
-11.3822977,59.6460855,11.7328630
-11.4276269,59.8408314,11.7581449
-11.4729738,60.0355733,11.7831393
-11.5183422,60.2303101,11.8079892
-11.5637361,60.4250411,11.8326725
-11.6091595,60.6197650,11.8570767
-11.6546167,60.8144812,11.8813356
-11.7001118,61.0091886,11.9054166
-11.7456490,61.2038858,11.9292290
-11.7912329,61.3985723,11.9528961
-11.8368677,61.5932472,11.9763742
-11.8825577,61.7879084,11.9995941
-11.9283076,61.9825561,12.0226681
-11.9741217,62.1771888,12.0455415
-12.0200044,62.3718046,12.0681659
-12.0659606,62.5664038,12.0906433
-12.1119947,62.7609845,12.1129071
-12.1581113,62.9555449,12.1349300
-12.2043154,63.1500856,12.1568041
-12.2506117,63.3446040,12.1784501
-12.2970047,63.5390985,12.1998625
-12.3435001,63.7335701,12.2211235
-12.3901022,63.9280152,12.2421402
-12.4368162,64.1224328,12.2629298
-12.4836479,64.3168240,12.2835645
-12.5306016,64.5111842,12.3039369
-12.5776829,64.7055131,12.3240879
-12.6248980,64.8998120,12.3440797
-12.6722510,65.0940748,12.3637884
-12.7197483,65.2883025,12.3832811
-12.7673961,65.4824963,12.4026093
-12.8151986,65.6766483,12.4216308
-12.8631628,65.8707614,12.4404410
-12.9112953,66.0648362,12.4590803
-12.9596000,66.2588631,12.4773858
-13.0080852,66.4528469,12.4954844
-13.0567576,66.6467877,12.5134045
-13.1056211,66.8406743,12.5309597
-13.1546840,67.0345135,12.5483123
-13.2039528,67.2283033,12.5654777
-13.2534322,67.4220338,12.5822421
-13.3031312,67.6157111,12.5988081
-13.3530562,67.8093320,12.6151591
-13.4032131,68.0028890,12.6311002
-13.4536106,68.1963858,12.6468294
-13.5042558,68.3898187,12.6623108
-13.5551554,68.5831824,12.6773688
-13.6063181,68.7764783,12.6921981
-13.6577516,68.9697025,12.7067391
-13.7094636,69.1628512,12.7208386
-13.7614631,69.3559236,12.7346885
-13.8137582,69.5489160,12.7482013
-13.8663578,69.7418253,12.7612524
-13.9192709,69.9346492,12.7740324
-13.9725064,70.1273840,12.7864218
-14.0260738,70.3200273,12.7983408
-14.0799820,70.5125750,12.8099754
-14.1342405,70.7050244,12.8211800
-14.1888584,70.8973727,12.8319423
-14.2438440,71.0896152,12.8424324
-14.2992060,71.2817501,12.8525030
-14.3549522,71.4737747,12.8622216
-14.4110886,71.6656838,12.8717210
-14.4676223,71.8574776,12.8808929
-14.5245578,72.0491529,12.8898573
-14.5818983,72.2407052,12.8986902
-14.6396477,72.4321370,12.9073495
-14.6978072,72.6234444,12.9159309
-14.7563767,72.8146239,12.9244610
-14.8153582,73.0056803,12.9329385
-14.8747499,73.1966087,12.9414056
-14.9345497,73.3874063,12.9498662
-14.9947589,73.5780801,12.9583327
-15.0553737,73.7686236,12.9668085
-15.1163916,73.9590344,12.9752922
-15.1778139,74.1493218,12.9837922
-15.2396358,74.3394768,12.9922983
-15.3018549,74.5294977,13.0008100
-15.3644734,74.7193958,13.0093249
-15.4274856,74.9091593,13.0178366
-15.4908902,75.0987883,13.0263448
-15.5546892,75.2882931,13.0348370
-15.6188774,75.4776617,13.0433167
-15.6834539,75.6668951,13.0517817
-15.7484209,75.8560026,13.0602128
-15.8137735,76.0449721,13.0686222
-15.8795115,76.2338057,13.0770041
-15.9456371,76.4225110,13.0853345
-16.0121458,76.6110763,13.0936322
-16.0790382,76.7995046,13.1018855
-16.1463164,76.9878018,13.1100645
-16.2139765,77.1759566,13.1181944
-16.2820203,77.3639729,13.1262534
-16.3504498,77.5518545,13.1342019
-16.4192622,77.7395904,13.1420749
-16.4884605,77.9271855,13.1498308
-16.5580473,78.1146413,13.1574185
-16.6280211,78.3019470,13.1648883
-16.6983871,78.4891080,13.1721636
-16.7691485,78.6761230,13.1791857
-16.8403063,78.8629818,13.1860274
-16.9118678,79.0496897,13.1925574
-16.9838379,79.2362425,13.1987265
-17.0562201,79.4226301,13.2046359
-17.1290246,79.6088574,13.2100836
-17.2022578,79.7949177,13.2150653
-17.2759259,79.9808005,13.2197105
-17.3500411,80.1665106,13.2237545
-17.4246110,80.3520388,13.2272873
-17.4996428,80.5373751,13.2304515
-17.5751496,80.7225244,13.2329854
-17.6511376,80.9074759,13.2351049
-17.7276126,81.0922212,13.2369324
-17.8045854,81.2767663,13.2383556
-17.8820575,81.4611008,13.2396721
-17.9600296,81.6452191,13.2409419
-18.0385058,81.8291304,13.2424052
-18.1174788,82.0128265,13.2442702
-18.1969397,82.1963070,13.2465070
-18.2768812,82.3795865,13.2498613
-18.3572840,82.5626613,13.2541655
-18.4381223,82.7455389,13.2562106
-18.5193703,82.9282434,13.1965168
-18.6009944,83.1107743,13.1122156
-18.6829737,83.2931452,13.0064324
-18.7652899,83.4753661,12.8999591
-18.8479189,83.6574452,12.7931022
-18.9308371,83.8393958,12.6858761
-19.0140158,84.0212228,12.5778693
-19.0974272,84.2029453,12.4695206
-19.1810390,84.3845793,12.3608113
-19.2648130,84.5661317,12.2515889
-19.3487189,84.7476269,12.1422048
-19.4327235,84.9290801,12.0326477
-19.5167915,85.1104958,11.9229666
-19.6009008,85.2918973,11.8133711
-19.6850268,85.4732944,11.7038964
-19.7691444,85.6546869,11.5949161
-19.8532408,85.8360950,11.4861726
-19.9372992,86.0175231,11.3777115
-20.0213018,86.1989691,11.2696283
-20.1052420,86.3804499,11.1617338
-20.1891070,86.5619669,11.0540741
-20.2728838,86.7435178,10.9467123
-20.3565676,86.9251174,10.8395085
-20.4401471,87.1067652,10.7325109
-20.5236110,87.2884608,10.6257636
-20.6069542,87.4702172,10.5191577
-20.6901648,87.6520336,10.4127463
-20.7732314,87.8339118,10.3065626
-20.8561465,88.0158639,10.2005165
-20.9388962,88.1978899,10.0946721
-21.0214670,88.3799941,9.9890589
-21.1038479,88.5621888,9.8835963
-21.1860206,88.7444754,9.7783714
-21.2679680,88.9268612,9.6734131
-21.3496732,89.1093601,9.5686386
-21.4311121,89.2919751,9.4641755
-21.5122616,89.4747173,9.3600347
-21.5930985,89.6576029,9.2561199
-21.6735918,89.8406360,9.1525981
-21.7537133,90.0238312,9.0494264
-21.8334343,90.2072065,8.9465051
-21.9127184,90.3907657,8.8440231
-21.9915340,90.5745263,8.7418802
-22.0698491,90.7585076,8.6399889
-22.1476227,90.9427104,8.5385440
-22.2248218,91.1271558,8.4374032
-22.3014118,91.3118636,8.3364999
-22.3773473,91.4968295,8.2360283
-22.4525947,91.6820798,8.1358212
-22.5271165,91.8676340,8.0358340
-22.6008620,92.0534809,7.9362637
-22.6737969,92.2396540,7.8369265
-22.7458796,92.4261723,7.7377969
-22.8170523,92.6130155,7.6390846
-22.8872797,92.8002274,7.5405845
-22.9565139,92.9878239,7.4422961
-23.0246897,93.1757776,7.3444211
-23.0917689,93.3641415,7.2467441
-23.1576957,93.5529258,7.1492908
-23.2223991,93.7421007,7.0521994
-23.2858364,93.9317240,6.9552668
-23.3479447,94.1217978,6.8585243
-23.4086502,94.3122911,6.7619652
-23.4679087,94.5032646,6.6654313
-23.5256539,94.6947065,6.5689018
-23.5818172,94.8865866,6.4721272
-23.6363601,95.0789644,6.3750866
-23.6892222,95.2718070,6.2775645
-23.7403525,95.4650890,6.1791320
-23.7897279,95.6588638,6.0800394
-23.8373024,95.8530709,5.9797477
-23.8830510,96.0476987,5.8779607
-23.9269702,96.2427906,5.7751168
-23.9690345,96.4382547,5.6702112
-24.0092534,96.6341041,5.5633342
-24.0476487,96.8303673,5.4550188
-24.0842222,97.0269196,5.3437190
-24.1190203,97.2238110,5.2302466
-24.1520903,97.4210515,5.1150409
-24.1834638,97.6184854,4.9958945
-24.2132274,97.8162091,4.8744905
-24.2414631,98.0141966,4.7508088
-24.2682564,98.2123008,4.6223065
-24.2937578,98.4106300,4.4912579
-24.3181272,98.6091139,4.3568361
-24.3415663,98.8076518,4.2169314
-24.3643702,99.0063192,4.0739370
-24.3868788,99.2050071,3.9260177
-24.4095207,99.4036642,3.7751588
-24.4328560,99.6021924,3.6230572
-24.4576721,99.8004722,3.4698203
-24.4851606,99.9983934,3.3192862
-24.5173306,100.1960813,3.1713617
-24.5565036,100.3922658,3.0386403
-24.6052941,100.5865451,2.9323850
-24.6658710,100.7766596,2.8539547
-24.7411117,100.9629200,2.8121198
-24.8313658,101.1417034,2.7653332
-24.9362993,101.3105795,2.7061083
-25.0581130,101.4719485,2.6363792
-25.1911101,101.6219169,2.5314602
-25.3298934,101.7630032,2.3815286
-25.4702169,101.9020380,2.1860809
-25.6109529,102.0453122,1.9524402
-25.7507010,102.1839976,1.6588473
-25.9073308,102.3083716,1.5621664
-26.0850197,102.4041855,1.5545234
-26.2763354,102.4592313,1.5548443
-26.4754630,102.4706929,1.5671566
-26.6732314,102.4363454,1.5871635
-26.8552164,102.3588023,1.5880788
-27.0203160,102.2430545,1.5695967
-27.1562993,102.0963934,1.4895141
-27.2462590,101.9196769,1.5549576
-27.2893398,101.7240906,1.7840978
-27.3062564,101.5227732,2.0142294
-27.3098647,101.3252740,2.2430793
-27.3079011,101.1249102,2.4345810
-27.3001782,100.9258292,2.6151006
-27.2861482,100.7263100,2.7809771
-27.2669892,100.5275991,2.9364662
-27.2432471,100.3287538,3.0881324
-27.2154408,100.1308276,3.2334216
-27.1838954,99.9331985,3.3754627
-27.1490023,99.7362812,3.5148339
-27.1110732,99.5400105,3.6494006
-27.0706966,99.3442329,3.7819599
-27.0284697,99.1488401,3.9101493
-26.9847688,98.9537422,4.0347725
-26.9398896,98.7587465,4.1570092
-26.8941922,98.5640971,4.2739859
-26.8478469,98.3694663,4.3892386
-26.8010960,98.1749897,4.5008084
-26.7540431,97.9803597,4.6098480
-26.7070710,97.7863995,4.7172611
-26.6599701,97.5913518,4.8217595
-26.6135062,97.3970775,4.9253903
-26.5675765,97.2025939,5.0275422
-26.5219157,97.0076369,5.1281869
-26.4766662,96.8133294,5.2279347
-26.4314812,96.6183717,5.3259984
-26.3865085,96.4234438,5.4226513
-26.3418422,96.2289363,5.5182207
-26.2972673,96.0338452,5.6118145
-26.2529570,95.8388187,5.7038331
-26.2089774,95.6440147,5.7945506
-26.1652360,95.4488594,5.8831711
-26.1218413,95.2536450,5.9698626
-26.0788674,95.0584953,6.0550415
-26.0363092,94.8631575,6.1381689
-25.9942363,94.6677004,6.2188669
-25.9527166,94.4721736,6.2978748
-25.9117776,94.2764275,6.3750126
-25.8715275,94.0806926,6.4491560
-25.8319834,93.8847589,6.5214950
-25.7931711,93.6884483,6.5920441
-25.7552622,93.4923411,6.6594261
-25.7182148,93.2959603,6.7248064
-25.6820287,93.0990530,6.7884084
-25.6468875,92.9023915,6.8490142
-25.6127386,92.7054189,6.9076235
-25.5796019,92.5079896,6.9646666
-25.5476207,92.3107571,7.0190397
-25.5167420,92.1132209,7.0717611
-25.4869806,91.9152877,7.1232034
-25.4584434,91.7175281,7.1723841
-25.4310722,91.5194381,7.2205204
-25.4048854,91.3210547,7.2677269
-25.3799396,91.1227843,7.3135318
-25.3561775,90.9242042,7.3589119
-25.3336121,90.7254771,7.4037617
-25.3122412,90.5267006,7.4480959
-25.2920331,90.3277306,7.4922357
-25.2729822,90.1286818,7.5361128
-25.2550649,89.9295081,7.5797929
-25.2382662,89.7302595,7.6233700
-25.2225637,89.5309038,7.6667857
-25.2079385,89.3314419,7.7100996
-25.1943811,89.1320183,7.7533434
-25.1818566,88.9323653,7.7964599
-25.1703707,88.7327270,7.8395152
-25.1599094,88.5331692,7.8825130
-25.1504293,88.3333243,7.9253838
-25.1419242,88.1335793,7.9681843
-25.1343664,87.9338406,8.0108961
-25.1277303,87.7339159,8.0534516
-25.1220065,87.5340827,8.0959178
-25.1171728,87.3342269,8.1382588
-25.1132096,87.1342558,8.1804230
-25.1101039,86.9343684,8.2224805
-25.1078364,86.7344470,8.2643800
-25.1063913,86.5344589,8.3060865
-25.1057537,86.3345471,8.3476706
-25.1059079,86.1346019,8.3890676
-25.1068397,85.9346227,8.4302564
-25.1085343,85.7347126,8.4713080
-25.1109788,85.5347773,8.5121471
-25.1141604,85.3348298,8.5527625
-25.1180651,85.1349446,8.5932266
-25.1226825,84.9350463,8.6334565
-25.1280008,84.7351505,8.6734458
-25.1340078,84.5353110,8.7132705
-25.1406945,84.3354714,8.7528423
-25.1480508,84.1356454,8.7921551
-25.1560660,83.9358701,8.8312904
-25.1647326,83.7361071,8.8701567
-25.1740421,83.5363670,8.9087437
-25.1839854,83.3366728,8.9471405
-25.1945564,83.1370018,8.9852540
-25.2057478,82.9373625,9.0230658
-25.2175528,82.7377649,9.0606745
-25.2299662,82.5381996,9.0979862
-25.2429821,82.3386750,9.1349712
-25.2565958,82.1391886,9.1717394
-25.2708031,81.9397419,9.2081955
-25.2855993,81.7403453,9.2442960
-25.3009824,81.5409844,9.2801628
-25.3169488,81.3416692,9.3156981
-25.3334952,81.1424139,9.3508396
-25.3506225,80.9431927,9.3857236
-25.3683283,80.7440227,9.4202442
-25.3866110,80.5449226,9.4543126
-25.4054749,80.3458562,9.4880835
-25.4249197,80.1468467,9.5214329
-25.4449461,79.9479174,9.5542305
-25.4655633,79.7490231,9.5866594
-25.4867742,79.5501928,9.6185591
-25.5085839,79.3514535,9.6497366
-25.5310079,79.1527530,9.6804245
-25.5540546,78.9541266,9.7103957
-25.5777349,78.7556033,9.7393782
-25.6020732,78.5571261,9.7676886
-25.6270841,78.3587381,9.7949952
-25.6527866,78.1604675,9.8209669
-25.6792136,77.9622554,9.8460477
-25.7063855,77.7641535,9.8697749
-25.7343276,77.5661869,9.8918740
-25.7630783,77.3682956,9.9129303
-25.7926582,77.1705422,9.9324000
-25.8230933,76.9729441,9.9502907
-25.8544191,76.7754400,9.9672407
-25.8866465,76.5781060,9.9828348
-25.9197928,76.3809448,9.9975390
-25.9538803,76.1838923,10.0118201
-25.9888975,75.9870425,10.0257745
-26.0248440,75.7903719,10.0401529
-26.0617183,75.5938124,10.0511043
-26.0994698,75.3974810,10.0431636
-26.1380627,75.2013093,9.9819462
-26.1774731,75.0052296,9.8899641
-26.2176465,74.8093973,9.7970232
-26.2585948,74.6136974,9.7031977
-26.3003066,74.4180775,9.6086353
-26.3427006,74.2227383,9.5120973
-26.3857668,74.0274828,9.4144193
-26.4294461,73.8322908,9.3156071
-26.4736195,73.6373584,9.2147538
-26.5182598,73.4424410,9.1131062
-26.5632742,73.2475770,9.0104582
-26.6085506,73.0528868,8.9067731
-26.6540618,72.8581507,8.8026944
-26.6997143,72.6634687,8.6981053
-26.7454418,72.4688677,8.5932053
-26.7912384,72.2741728,8.4881671
-26.8370254,72.0795662,8.3829723
-26.8828017,71.8849537,8.2777411
-26.9285825,71.6902215,8.1724839
-26.9742902,71.4956529,8.0671542
-27.0199556,71.3009918,7.9617639
-27.0655640,71.1062272,7.8563098
-27.1110637,70.9116049,7.7506729
-27.1565593,70.7168339,7.6449013
-27.2020390,70.5221099,7.5388878
-27.2475276,70.3273906,7.4324821
-27.2930443,70.1326584,7.3258329
-27.3385961,69.9379516,7.2185861
-27.3842057,69.7432352,7.1108483
-27.4298626,69.5486135,7.0027219
-27.4756284,69.3538792,6.8935605
-27.5214631,69.1592495,6.7838801
-27.5673872,68.9646800,6.6734220
-27.6134526,68.7700006,6.5618628
-27.6596140,68.5755212,6.4497755
-27.7059849,68.3809840,6.3368153
-27.7526368,68.1864727,6.2234654
-27.7996333,67.9922751,6.1099471
-27.8472564,67.7979418,5.9966900
-27.8956207,67.6038919,5.8841518
-27.9449208,67.4103351,5.7722205
-27.9955866,67.2166801,5.6624907
-28.0477315,67.0236493,5.5541553
-28.1016453,66.8313108,5.4473348
-28.1577937,66.6391732,5.3436644
-28.2162871,66.4479932,5.2416308
-28.2774299,66.2578233,5.1414462
-28.3416874,66.0682532,5.0442077
-28.4091279,65.8800456,4.9483293
-28.4800152,65.6933146,4.8538609
-28.5548212,65.5076597,4.7613291
-28.6335427,65.3238692,4.6695803
-28.7164085,65.1421035,4.5786786
-28.8038510,64.9621433,4.4901331
-28.8959206,64.7846417,4.4048901
-28.9928463,64.6098934,4.3229943
-29.0949984,64.4379856,4.2471662
-29.2025273,64.2693955,4.1772674
-29.3155691,64.1045529,4.1117436
-29.4343234,63.9437322,4.0512947
-29.5588571,63.7873266,3.9943309
-29.6891570,63.6357384,3.9363952
-29.8252739,63.4892407,3.8764701
-29.9669995,63.3483551,3.8084257
-30.1144279,63.2133304,3.7349439
-30.2676548,63.0847408,3.6735212
-30.4264986,62.9633353,3.6919589
-30.5906434,62.8492562,3.7127353
-30.7596937,62.7425076,3.7354165
-30.9332084,62.6431170,3.7606680
-31.1106272,62.5512160,3.7882394
-31.2916517,62.4664308,3.8087216
-31.4761267,62.3889162,3.8172006
-31.6632572,62.3191351,3.9343052
-31.8524137,62.2534369,3.9421515
-32.0411244,62.1873168,3.8042102
-32.2281129,62.1160840,3.6974079
-32.4121248,62.0380192,3.6036480
-32.5925726,61.9521720,3.5226348
-32.7688794,61.8578180,3.4559399
-32.9401121,61.7547159,3.4063137
-33.1056907,61.6426619,3.3724273
-33.2648895,61.5217770,3.3581053
-33.4171795,61.3923485,3.3456764
-33.5622122,61.2546410,3.3372048
-33.6993819,61.1092297,3.3454543
-33.8283779,60.9563437,3.3754088
-33.9490461,60.7969241,3.4205530
-34.0618421,60.6318428,3.4843007
-34.1673061,60.4620701,3.5554035
-34.2659522,60.2881980,3.6303493
-34.3581187,60.1107779,3.7080109
-34.4440874,59.9303882,3.7884540
-34.5243579,59.7472100,3.8712109
-34.5992797,59.5618107,3.9577368
-34.6692834,59.3746639,4.0483876
-34.7349909,59.1857187,4.1414225
-34.7967860,58.9955344,4.2376269
-34.8551310,58.8044045,4.3362607
-34.9105826,58.6121677,4.4360739
-34.9634558,58.4193449,4.5372580
-35.0141624,58.2259829,4.6388087
-35.0630972,58.0319829,4.7403795
-35.1104773,57.8377645,4.8413625
-35.1566045,57.6431874,4.9411949
-35.2016728,57.4483072,5.0401543
-35.2458130,57.2532883,5.1368423
-35.2891982,57.0580525,5.2321594
-35.3319321,56.8627610,5.3262534
-35.3741503,56.6672596,5.4178550
-35.4158094,56.4717089,5.5083241
-35.4569143,56.2760585,5.5973626
-35.4975119,56.0802299,5.6842685
-35.5375991,55.8843565,5.7701092
-35.5772082,55.6883805,5.8544263
-35.6163637,55.4922703,5.9369948
-35.6550612,55.2961243,6.0185827
-35.6933288,55.0998670,6.0986300
-35.7311759,54.9035096,6.1772547
-35.7685993,54.7071214,6.2549811
-35.8056249,54.5106142,6.3311854
-35.8422520,54.3140333,6.4062257
-35.8784795,54.1174242,6.4804415
-35.9143315,53.9206906,6.5531694
-35.9498006,53.7239036,6.6249359
-35.9848873,53.5270894,6.6959417
-36.0196139,53.3301477,6.7655010
-36.0539684,53.1331678,6.8342575
-36.0879527,52.9361605,6.9023082
-36.1215868,52.7390255,6.9689565
-36.1548561,52.5418627,7.0349268
-36.1877637,52.3446670,7.1002030
-36.2203251,52.1473550,7.1641921
-36.2525266,51.9500175,7.2275663
-36.2843714,51.7526399,7.2902428
-36.3158700,51.5551610,7.3517636
-36.3470108,51.3576548,7.4127037
-36.3777964,51.1601034,7.4729476
-36.4082333,50.9624627,7.5321427
-36.4383113,50.7647928,7.5907865
-36.4680325,50.5670738,7.6487386
-36.4974000,50.3692754,7.7057290
-36.5264049,50.1714453,7.7621929
-36.5550482,49.9735638,7.8179713
-36.5833305,49.7756106,7.8728583
-36.6112438,49.5776235,7.9272397
-36.6387880,49.3795833,7.9809414
-36.6659615,49.1814777,8.0338082
-36.6927568,48.9833356,8.0861860
-36.7191726,48.7851398,8.1378883
-36.7452055,48.5868836,8.1888002
-36.7708484,48.3885883,8.2392362
-36.7960985,48.1902392,8.2889988
-36.8209510,47.9918336,8.3380081
-36.8453990,47.7933865,8.3865537
-36.8694385,47.5948861,8.4344310
-36.8930642,47.3963325,8.4815967
-36.9162696,47.1977352,8.5283200
-36.9390507,46.9990858,8.5743991
-36.9614029,46.8003864,8.6198384
-36.9833221,46.6016418,8.6648812
-37.0048065,46.4028478,8.7093502
-37.0258546,46.2040074,8.7532987
-37.0464670,46.0051218,8.7969235
-37.0666457,45.8061909,8.8400818
-37.0863937,45.6072185,8.8828250
-37.1057155,45.4082019,8.9252992
-37.1246157,45.2091458,8.9673697
-37.1430994,45.0100530,9.0090762
-37.1611729,44.8109176,9.0505378
-37.1788409,44.6117489,9.0916173
-37.1961091,44.4125480,9.1323550
-37.2129839,44.2133058,9.1728568
-37.2294694,44.0140366,9.2129795
-37.2455709,43.8147387,9.2527733
-37.2612943,43.6154005,9.2923352
-37.2766426,43.4160417,9.3315150
-37.2916208,43.2166568,9.3703771
-37.3062339,43.0172321,9.4090100
-37.3204841,42.8177933,9.4472561
-37.3343757,42.6183302,9.4851959
-37.3479132,42.4188273,9.5229089
-37.3610976,42.2193173,9.5602286
-37.3739330,42.0197835,9.5972539
-37.3864231,41.8202097,9.6340542
-37.3985678,41.6206364,9.6704525
-37.4103709,41.4210386,9.7065681
-37.4218353,41.2214005,9.7424597
-37.4329599,41.0217709,9.7779371
-37.4437481,40.8221150,9.8131435
-37.4542019,40.6224182,9.8481255
-37.4643192,40.4227391,9.8826759
-37.4741031,40.2230303,9.9169657
-37.4835543,40.0232800,9.9510287
-37.4926698,39.8235576,9.9846335
-37.5014524,39.6238005,10.0007813
-37.5099037,39.4240014,10.0511035
